{
    "ok": {
        "name": "<:correto:790882195341443074>",
        "id": "790882195341443074"
    },
    "error": {
        "name": "<:negado:790882195677773826>",
        "id": "790882195677773826"
    },
    "numbers": {
        "zero": {
            "name": "<:0:790758210033942549>",
            "id": "790758210033942549"
        },
        "one": {
            "name": "<:1:790758210117959681>",
            "id": "790758210117959681"
        },
        "two": {
            "name": "<:2:790758210411429899>",
            "id": "790758210411429899"
        },
        "three": {
            "name": "<:3:790758210839642154>",
            "id": "790758210839642154"
        },
        "four": {
            "name": "<:4:790758211137306644>",
            "id": "790758211137306644"
        },
        "five": {
            "name": "<:5:790758211224993844>",
            "id": "790758211224993844"
        },
        "six": {
            "name": "<:6:790758211468525598>",
            "id": "790758211468525598"
        },
        "seven": {
            "name": "<:7:790758211648094208>",
            "id": "790758211648094208"
        },
        "eight": {
            "name": "<:8:790758211849551904>",
            "id": "790758211849551904"
        },
        "nine": {
            "name": "<:9:790758212101865482>",
            "id": "790758212101865482"
        }
    }
}
